,dgp,error_distribution,running_variable,setup,p1,n,true_treatment_effect,median_bias_iv_ccf,median_bias_iv_ik,median_bias_lambda_1_ccf,median_bias_lambda_1_ik,median_bias_lambda_4_ccf,median_bias_lambda_4_ik,mad_iv_ccf,mad_iv_ik,mad_lambda_1_ccf,mad_lambda_1_ik,mad_lambda_4_ccf,mad_lambda_4_ik,rmse_iv_ccf,rmse_iv_ik,rmse_lambda_1_ccf,rmse_lambda_1_ik,rmse_lambda_4_ccf,rmse_lambda_4_ik,cov_iv_ccf,cov_iv_ik,cov_lambda_1_ccf,cov_lambda_1_ik,cov_lambda_4_ccf,cov_lambda_4_ik,cov_ar_ba_1,cov_ar_ba_2
0,1,1,3,1,0.6,300,0.04,0.06462828,0.103677916,0.007386601,0.032269981,-0.016090647,-0.005046952,0.508744998,0.492982732,0.166527811,0.174943661,0.088308832,0.088483933,155.7922251,79.99892711,0.273514648,0.281947427,0.139549512,0.13954562,0.9825,0.9854,0.9867,0.9861,0.9376,0.9456,0.9546,0.9278
1,1,1,3,1,0.7,300,0.04,0.081445621,0.103373596,0.051269888,0.076537712,0.01005528,0.028267313,0.306200893,0.280700259,0.173431558,0.173056895,0.101720089,0.103690569,22.57033099,193.4993988,0.270790482,0.276079639,0.155988097,0.158990188,0.9704,0.9717,0.9899,0.9886,0.962,0.96,0.9574,0.9377
2,1,1,3,1,0.8,300,0.04,0.060584781,0.072335961,0.055768576,0.073719054,0.029175922,0.048005459,0.209787816,0.1853217,0.160822726,0.150406104,0.11596737,0.114482389,4.08917318,11.66663514,0.257691302,0.241469497,0.176706939,0.172832637,0.9502,0.9491,0.9877,0.9814,0.9703,0.9681,0.9525,0.9462
3,1,1,3,1,0.9,300,0.04,0.026353367,0.037622837,0.033126009,0.044905319,0.024121095,0.03771328,0.153193429,0.13418062,0.133670822,0.119737384,0.117004626,0.109354532,3.100564338,0.294784822,0.224247925,0.193967913,0.185585252,0.169210071,0.9202,0.9192,0.9611,0.952,0.9566,0.9491,0.945,0.9349
4,1,1,3,2,0.6,300,0.04,0.063615943,0.097453478,0.011292421,0.037191484,-0.013237677,-0.002233221,0.493104405,0.473896528,0.165694215,0.178527925,0.08960379,0.089578245,60.02603813,1099.739191,0.276769589,0.289385705,0.142530225,0.145166601,0.9811,0.9847,0.9847,0.9872,0.94,0.9476,0.9516,0.9284
5,1,1,3,2,0.7,300,0.04,0.079463559,0.106893816,0.047735341,0.083915489,0.010836709,0.034180422,0.310599747,0.281721708,0.1761648,0.179455922,0.106741219,0.110453465,10.93030504,34.22738727,0.282454053,0.28745588,0.163391447,0.168106346,0.9721,0.9712,0.9898,0.9879,0.9595,0.9578,0.9539,0.9376
6,1,1,3,2,0.8,300,0.04,0.057175903,0.069350305,0.055356327,0.072482803,0.029078459,0.050055625,0.207178844,0.185032694,0.164905391,0.152785733,0.119650856,0.119080851,16.41312195,3.095133198,0.260991244,0.246925778,0.182152959,0.179472614,0.9512,0.9488,0.9857,0.9751,0.9682,0.9616,0.9584,0.9434
7,1,1,3,2,0.9,300,0.04,0.028392181,0.037229943,0.034123517,0.046823913,0.02591989,0.039269619,0.157182674,0.137392111,0.13712032,0.120580117,0.120835603,0.110841494,1.260738443,1.029425583,0.22569376,0.196414222,0.191295442,0.173820132,0.9143,0.9098,0.9508,0.9421,0.9467,0.9391,0.9378,0.9262
8,1,1,3,3,0.6,300,0.04,0.06631152,0.099974403,0.012223847,0.035292824,-0.013368445,-0.005010784,0.506880704,0.481181092,0.17059069,0.173929072,0.089742599,0.089152499,24.23289711,24.61070693,0.272457707,0.282734829,0.139257561,0.139351265,0.9823,0.9844,0.9851,0.9862,0.9422,0.9419,0.9567,0.9244
9,1,1,3,3,0.7,300,0.04,0.092222802,0.109762621,0.052620144,0.077649872,0.012732133,0.029764425,0.319617968,0.284247253,0.176123885,0.177868207,0.102218651,0.105798591,26.13295359,22.15504474,0.278162924,0.278998178,0.159507172,0.161863648,0.9683,0.9686,0.9905,0.989,0.9595,0.9624,0.9525,0.9345
10,1,1,3,3,0.8,300,0.04,0.059064483,0.071805668,0.056465462,0.072074942,0.030339328,0.04646957,0.209519037,0.185234306,0.16268975,0.151686131,0.118387732,0.116309886,3.124219435,1.066266498,0.263742616,0.247478926,0.179745143,0.177025864,0.9493,0.9488,0.9853,0.9773,0.9662,0.9617,0.9556,0.9434
11,1,1,3,3,0.9,300,0.04,0.024363988,0.033336472,0.031047054,0.042065911,0.021816759,0.03599733,0.156963735,0.136173832,0.138071919,0.122907136,0.120965511,0.111507374,3.376610364,0.345350883,0.225381464,0.197922209,0.191011462,0.173849231,0.9168,0.916,0.957,0.9446,0.9512,0.9419,0.9398,0.9283
12,1,1,3,1,0.6,600,0.04,0.138756055,0.194288654,0.061107664,0.108707398,0.00736888,0.032589225,0.431636447,0.423416542,0.176176143,0.19361956,0.085819249,0.092434512,33.52018839,251.1995462,0.284036468,0.308434782,0.140496942,0.152109409,0.9861,0.9884,0.991,0.9883,0.9548,0.9454,0.9512,0.892
13,1,1,3,1,0.7,600,0.04,0.105282183,0.126048863,0.08859497,0.122233632,0.043477808,0.075682532,0.230574792,0.207024908,0.164481151,0.168715551,0.106987048,0.114782836,17.63138162,4.575501512,0.260758956,0.261571001,0.159879494,0.169547207,0.9674,0.9678,0.9892,0.9755,0.9668,0.9517,0.9556,0.9084
14,1,1,3,1,0.8,600,0.04,0.053978695,0.069621204,0.062080274,0.079085395,0.045891484,0.065690686,0.145808237,0.130423301,0.127727972,0.120256533,0.105445472,0.103534487,3.506919516,0.805177553,0.203793256,0.185652449,0.158639458,0.153741432,0.9482,0.9504,0.9749,0.9541,0.9675,0.9494,0.9631,0.9287
15,1,1,3,1,0.9,600,0.04,0.030952877,0.040834311,0.039278109,0.050172563,0.034998647,0.046623749,0.110912586,0.096740945,0.101644354,0.089470265,0.095043092,0.08490527,0.229346942,0.151374121,0.156586268,0.137024245,0.143982896,0.129094588,0.9296,0.9341,0.9624,0.9456,0.9611,0.9456,0.9607,0.9362
16,1,1,3,2,0.6,600,0.04,0.142824302,0.192640028,0.063069396,0.119494024,0.009684594,0.039434308,0.431521774,0.41029018,0.177056716,0.200336989,0.087498206,0.096993159,69.37669491,40.68956331,0.287616092,0.317227763,0.143317841,0.158487889,0.9867,0.9884,0.9893,0.9865,0.9523,0.9388,0.9495,0.8918
17,1,1,3,2,0.7,600,0.04,0.102053129,0.121352155,0.088820118,0.119805373,0.045972713,0.077303109,0.224560487,0.200352812,0.165563143,0.166117373,0.108783679,0.117246313,10.11350955,12.52014964,0.264232544,0.264961403,0.165681095,0.175728728,0.9683,0.9693,0.9854,0.9709,0.9653,0.9493,0.9581,0.9117
18,1,1,3,2,0.8,600,0.04,0.057278005,0.070870732,0.064464845,0.080946485,0.04879558,0.066913071,0.144847365,0.130373102,0.12958997,0.119059704,0.107804657,0.104042959,1.32560754,4.131090341,0.202510548,0.186001779,0.160606524,0.155942641,0.9488,0.9521,0.9705,0.9468,0.9644,0.9439,0.9639,0.9282
19,1,1,3,2,0.9,600,0.04,0.03270719,0.043937652,0.041370725,0.051851033,0.037028153,0.048587149,0.10672646,0.093666874,0.098605635,0.088978977,0.092624332,0.085047962,0.175500232,0.149348087,0.154027004,0.135683364,0.142582011,0.128611933,0.9332,0.9348,0.9558,0.9373,0.9556,0.938,0.9579,0.9376
20,1,1,3,3,0.6,600,0.04,0.135572023,0.187780232,0.059527112,0.106751692,0.008707928,0.031869221,0.43564104,0.414635589,0.174311234,0.193793641,0.086389978,0.093465345,11.46542873,26.82609454,0.282830268,0.304330039,0.139967974,0.150660521,0.9865,0.9876,0.9914,0.9876,0.9553,0.9483,0.9542,0.8934
21,1,1,3,3,0.7,600,0.04,0.090828437,0.114592061,0.082445387,0.114594231,0.038808051,0.070289664,0.222456968,0.199838741,0.160816004,0.164461093,0.106308409,0.113827047,30.74078336,7.625360674,0.259938235,0.261872436,0.160158929,0.169277726,0.9713,0.9727,0.9863,0.9767,0.9657,0.9528,0.9596,0.9166
22,1,1,3,3,0.8,600,0.04,0.054360226,0.069478452,0.062307073,0.077247473,0.045550962,0.063468074,0.146457331,0.130212707,0.128876228,0.117796885,0.106319656,0.102123352,0.671611503,0.244994288,0.205653645,0.18699751,0.161188017,0.155012449,0.9494,0.9484,0.9693,0.9521,0.9624,0.9472,0.9583,0.9252
23,1,1,3,3,0.9,600,0.04,0.033666854,0.044826375,0.043263911,0.053803382,0.038466222,0.049501864,0.107652557,0.095131708,0.099348084,0.090175933,0.093806485,0.086186962,0.175038707,0.148832994,0.154917447,0.136907632,0.142853541,0.129308217,0.9379,0.9378,0.9599,0.9417,0.9598,0.9426,0.9628,0.936
0,1,2,3,1,0.6,300,0.04,0.0499124865273343,0.0863311544285124,0.0108657766200216,0.025887721649142,-0.0137410135210517,-0.0073190636456452,0.745336646131358,0.717069962276605,0.246901316448451,0.24952025307652,0.133854159578639,0.129449358113404,74.8509221534404,181.500291746461,0.485648941987986,0.485927112029146,0.260063599670982,0.255994321145067,0.9847,0.9875,0.9837,0.9852,0.9271,0.9351,0.9749,0.9588
1,1,2,3,1,0.7,300,0.04,0.0757278606207545,0.101637085984915,0.0474357041511383,0.0741090450539801,0.0108835986741143,0.0273302705433512,0.471575071285941,0.428980548566913,0.263651662703344,0.260146186301989,0.156477116058557,0.157281257021237,455.301855749137,36.0167448358513,0.53060729351919,0.496806290107237,0.310476805065083,0.293014513082358,0.9727,0.9748,0.9891,0.9909,0.9498,0.9609,0.9752,0.9617
2,1,2,3,1,0.8,300,0.04,0.0461292976877475,0.0624964107683669,0.0438282779445053,0.0695381889556382,0.0212647002457764,0.0428067810726293,0.317535479244995,0.28433832126885,0.246793584323399,0.230323016675161,0.178622585439044,0.17581535263895,13.6437485593803,1.82766524460089,0.448302309539503,0.417698343975561,0.30972048318455,0.301030850874029,0.9589,0.9572,0.9865,0.9811,0.9709,0.9684,0.9728,0.9622
3,1,2,3,1,0.9,300,0.04,0.0285281853416284,0.0385914093337611,0.0302292310431806,0.0413885707221519,0.0224015277954422,0.0349212657621791,0.230079109373164,0.206147395670576,0.21032712879593,0.187851446212761,0.185284795922226,0.169529712386197,13.0368839951051,1.95845802334051,0.41301161394584,0.350903735522235,0.353969318188623,0.312172473051379,0.9335,0.9317,0.9597,0.9542,0.9558,0.9506,0.9601,0.9503
4,1,2,3,2,0.6,300,0.04,0.0633719065987907,0.107269363311902,0.0139168836139101,0.0331594088310979,-0.0087880368632585,-0.0009107242079806,0.72876992773024,0.723905767843315,0.259968936490265,0.265885000527252,0.137165494701141,0.136124763381346,379.430995613862,48.7783829656457,0.495460075862279,0.502243308094813,0.25189316609364,0.258554052637942,0.985,0.9832,0.982,0.9834,0.9277,0.9371,0.9712,0.9549
5,1,2,3,2,0.7,300,0.04,0.0763168139332491,0.100152194402454,0.0523856359190919,0.080949179943434,0.0125348814913191,0.0327434071384985,0.46086969938485,0.424218420061881,0.266784568434199,0.270718876285849,0.159574915031183,0.165048942318264,11.0867898592601,17.9797994467281,0.477902854140352,0.479915562158334,0.278391557221415,0.285350139326614,0.9723,0.9754,0.9888,0.9876,0.9516,0.959,0.9756,0.9614
6,1,2,3,2,0.8,300,0.04,0.0547355772282654,0.0638147086951063,0.0502211981324315,0.0697214867078964,0.025699122715027,0.0467221968079557,0.310224142196947,0.275162788998823,0.247703071445682,0.230622461055342,0.183984882956334,0.180162478052289,11.0920850981328,2.44405719610157,0.471671573080325,0.432044085580817,0.328099677207149,0.318048736435907,0.9607,0.9602,0.9862,0.9845,0.9697,0.9722,0.9776,0.9678
7,1,2,3,2,0.9,300,0.04,0.0245134287790609,0.0322683195902124,0.0269760324534983,0.0386560625124894,0.0199255732706327,0.0328945121044504,0.227373431487144,0.199738896116523,0.209079141053464,0.186574659002304,0.186655012870823,0.170669302110215,1.58473569940106,1.5878408514238,0.416865991209465,0.354999516429334,0.357714935530554,0.316745237228579,0.9224,0.9225,0.9521,0.9473,0.9484,0.945,0.9508,0.9435
8,1,2,3,3,0.6,300,0.04,0.0471564525580965,0.0837044117996927,0.0030567149681016,0.0280638673447387,-0.0182366834765922,-0.0056385148070045,0.740170161413014,0.712938953609381,0.246779397930686,0.260247346278717,0.132010102909873,0.131261603739463,41.1843378070284,291.204200202397,0.582303568684804,0.573451025005894,0.262417929604962,0.261698091801522,0.9828,0.9845,0.9826,0.9871,0.9315,0.9403,0.9765,0.96
9,1,2,3,3,0.7,300,0.04,0.0621919194729109,0.0839845639342677,0.0331309298102364,0.064328921664148,0.0038203392907061,0.0200648557691886,0.463677024526259,0.414883773464478,0.257702450250837,0.265092697438994,0.156775237311649,0.162338009263424,64.4748767811237,27.1280430876756,0.464912951173845,0.462090885120555,0.273750728850338,0.274978466362005,0.9727,0.9733,0.9885,0.9901,0.9515,0.9607,0.9758,0.9652
10,1,2,3,3,0.8,300,0.04,0.0494260855789489,0.0645150257895745,0.0452050744581387,0.0620179230441765,0.0219327669341951,0.0411976974617635,0.311408312847029,0.272859976450942,0.247666058942876,0.226539543014645,0.178266730758828,0.175105659590179,7.89812795842455,5165.21006177245,0.450841871216166,0.417414097056508,0.312023912481754,0.304601967483232,0.9599,0.9581,0.9878,0.9837,0.9689,0.9707,0.9743,0.965
11,1,2,3,3,0.9,300,0.04,0.0262246334485317,0.0357484066475808,0.033224003694339,0.0428334135915321,0.0249567154800202,0.0342741357419414,0.229483802605535,0.204109643132015,0.208222108813998,0.186120117533046,0.183240313720201,0.167219465056463,2.0718647598236,0.672080420208374,0.385594731812851,0.334308589577923,0.327162953127319,0.294873203277196,0.9299,0.9296,0.9636,0.957,0.9583,0.9535,0.9617,0.9547
12,1,2,3,1,0.6,600,0.04,0.131261403933103,0.176751876788057,0.0440922743791775,0.0907496945611022,0.0050770539322687,0.0257740424736826,0.651186580262552,0.601650375172685,0.255530687067935,0.268792651138026,0.130064688984636,0.135456431928416,32.7461061742979,43.159421093127,0.480175585937091,0.493851662583224,0.242302181859924,0.252340929536445,0.9848,0.9883,0.9902,0.9893,0.9548,0.9541,0.9728,0.9428
13,1,2,3,1,0.7,600,0.04,0.0813821246066983,0.106855920766085,0.0748749836179294,0.111567080783865,0.0354267732667604,0.0684060265020484,0.341233893237027,0.300026420896706,0.247372907737549,0.239447879742364,0.162187687011082,0.168043637159904,12.2661919500368,15.2209184857892,0.438375287779812,0.421737161982056,0.275273065379264,0.280665953757888,0.9745,0.9743,0.9896,0.9818,0.9668,0.9634,0.9732,0.9528
14,1,2,3,1,0.8,600,0.04,0.0531133624422008,0.0691667125093115,0.0631327136462453,0.0768436812286543,0.0456373313856221,0.0630048040678429,0.221837064300096,0.197317438285141,0.199043149486167,0.175535101703332,0.16437882154994,0.15238287632571,1.07203889205353,0.469490956049642,0.354452497253228,0.315565893441509,0.27811043552142,0.261777488524089,0.9602,0.9595,0.9781,0.9649,0.9714,0.9603,0.9759,0.9534
15,1,2,3,1,0.9,600,0.04,0.0319693832782299,0.0393041170425172,0.0393872705348097,0.0532317931583216,0.0346684724373123,0.0493574891732932,0.166079784200941,0.146379188206333,0.157748432722503,0.135712320303914,0.148746394812209,0.129986558778375,0.31516777401133,0.259079809297964,0.272093267642915,0.229882981099786,0.25055669420609,0.21740066964895,0.9502,0.9502,0.9683,0.9578,0.9671,0.9578,0.9766,0.964
16,1,2,3,2,0.6,600,0.04,0.118701127660456,0.173853508183309,0.0478698542572558,0.0973242350750749,0.0038002874935674,0.0296150359920494,0.639477287222251,0.599681717061413,0.261634554870226,0.283704909718795,0.131632347389224,0.144051829052711,64.3627065828812,124.274574785401,0.471294542330056,0.496385004792297,0.237397330024998,0.253803653989057,0.9853,0.9887,0.987,0.9899,0.9501,0.9531,0.971,0.9428
17,1,2,3,2,0.7,600,0.04,0.103354182050824,0.128639719701818,0.0942217725239301,0.124328845275614,0.048163070972612,0.0805265251837606,0.345572900681619,0.306134730424572,0.25250336953404,0.248099440226787,0.16913244185731,0.1755436680899,64.8588281977486,16.8198358227533,0.450209643484183,0.431950794912662,0.287369820560723,0.291190414760585,0.973,0.9717,0.9884,0.9812,0.9676,0.9629,0.9729,0.9523
18,1,2,3,2,0.8,600,0.04,0.0618529414394604,0.0758757706099041,0.0702797252209408,0.0830246791036714,0.0539864756418904,0.068711811852502,0.216928503391567,0.195048812866347,0.197835369123293,0.174462539985236,0.164721457109452,0.15401244605354,0.873580948030524,1.67065923206301,0.394744991561128,0.357102981364623,0.323359731551225,0.305429512997961,0.9621,0.9612,0.9789,0.9639,0.9727,0.9611,0.9763,0.9571
19,1,2,3,2,0.9,600,0.04,0.0324671416609632,0.0385264442852953,0.0380677108331688,0.0458778725821686,0.0346781002488943,0.043424073848253,0.165011042170143,0.144813402797571,0.154808974773766,0.136844360693629,0.14614781202036,0.131131041757421,0.302918322926194,0.254770405392417,0.269996712057808,0.232602458185535,0.251635652539398,0.221804723314077,0.944,0.9446,0.9649,0.9536,0.9642,0.954,0.9745,0.9587
20,1,2,3,3,0.6,600,0.04,0.116111654206866,0.172213779114151,0.0465177439158094,0.0918219498823999,0.0038360525928904,0.0237207494572265,0.651731815486156,0.622760170349555,0.263168443914937,0.280789749882242,0.130444598823836,0.141839746023746,527.911355170931,44.765640123802,0.484383949341529,0.489827566922041,0.244671596233351,0.252045506706612,0.9866,0.99,0.9882,0.9897,0.9532,0.955,0.9694,0.943
21,1,2,3,3,0.7,600,0.04,0.0873787470313517,0.117278187279506,0.0839302532852072,0.112559742761412,0.0408470325840118,0.0670567365921333,0.344576426792188,0.30328248914965,0.249454608540565,0.241282741847396,0.163075561917197,0.168651534849052,19.3755798993153,5.33689802880653,0.445560042535185,0.429589105775901,0.282628984200812,0.284427887733307,0.9733,0.9752,0.9886,0.9831,0.969,0.965,0.9754,0.9524
22,1,2,3,3,0.8,600,0.04,0.0576999604162075,0.0728815300494062,0.0587072088495701,0.0793651218487658,0.0424425651279727,0.0627619520953715,0.228431481589095,0.197943667896103,0.198731828142612,0.177322594499148,0.165835268249736,0.154978278695373,4.61855853087402,0.535408512486421,0.361949398709722,0.318089831707421,0.286201570208309,0.266372322126386,0.9573,0.9595,0.9778,0.9669,0.9719,0.962,0.9773,0.9595
23,1,2,3,3,0.9,600,0.04,0.0284123125215083,0.038086269501471,0.034021242720592,0.0495498551921647,0.0306073623457738,0.0466061044229166,0.165144563723478,0.147175058646935,0.155166051125321,0.139079220749627,0.146179841830059,0.132710627602284,2.50297651383653,0.262347833306285,0.272809480454302,0.236102537391383,0.25354262917189,0.224542857956528,0.9467,0.9468,0.9685,0.9566,0.9676,0.9552,0.9772,0.9609
0,1,1,1,1,0.6,300,0.04,0.085240411,0.121258749,0.012770149,0.039783419,-0.013558779,-0.004105557,0.503768598,0.485642254,0.165191901,0.168051048,0.088568261,0.086673919,89.22228609,125.9596809,0.268604063,0.275801496,0.138630967,0.136942755,0.9822,0.9839,0.9846,0.988,0.9383,0.9478,0.9811,0.9615
1,1,1,1,1,0.7,300,0.04,0.087246468,0.117716169,0.060041812,0.083653925,0.016065824,0.034707724,0.322493073,0.286940546,0.173691352,0.173670742,0.102674648,0.105007298,16.52116829,43.82971294,0.279384098,0.280822805,0.158784647,0.160643964,0.9703,0.9703,0.9897,0.9897,0.9526,0.9567,0.9822,0.9633
2,1,1,1,1,0.8,300,0.04,0.075164237,0.090325849,0.069870995,0.083476649,0.039701153,0.053555593,0.216398989,0.190530467,0.162332117,0.153511398,0.117710556,0.114843794,12.73647057,36.0225644,0.258837443,0.245484832,0.176692196,0.174022577,0.948994899,0.9489,0.9843,0.9772,0.9659,0.9615,0.9823,0.965
3,1,1,1,1,0.9,300,0.04,0.044088017,0.052912626,0.050923958,0.057089247,0.040625384,0.049139292,0.158435024,0.136936055,0.13755618,0.123285339,0.119220482,0.111524719,60.1147546,0.750048188,0.220763211,0.194889886,0.185508866,0.169965607,0.9275,0.9273,0.9682,0.9606,0.9626,0.9577,0.982,0.9627
4,1,1,1,2,0.6,300,0.04,0.087785222,0.139513634,0.019933796,0.048580263,-0.008164045,0.004156177,0.499626933,0.484259747,0.173645607,0.182378865,0.093681451,0.093697547,143.3954157,41.39423574,0.283720098,0.299428914,0.147197107,0.150529772,0.9818,0.9822,0.9846,0.9839,0.9336,0.9383,0.9791,0.9611
5,1,1,1,2,0.7,300,0.04,0.104417101,0.129374357,0.068582059,0.093388896,0.022712046,0.040044813,0.321558039,0.282828716,0.178212454,0.180617325,0.107012646,0.109740261,35.9502373,10.71887738,0.287405318,0.289416303,0.166829664,0.171560525,0.9701,0.9696,0.9863,0.9857,0.9505,0.9554,0.9831,0.9634
6,1,1,1,2,0.8,300,0.04,0.074320515,0.083766925,0.071547991,0.081845324,0.041808605,0.054029172,0.216069318,0.188868029,0.166015164,0.15374299,0.122423999,0.119540997,79.84564586,6.228112251,0.265011206,0.248404164,0.185215913,0.181196166,0.9461,0.9448,0.9817,0.975,0.9631,0.9624,0.9797,0.959
7,1,1,1,2,0.9,300,0.04,0.042335646,0.052283341,0.052882455,0.057017628,0.04214448,0.049062716,0.156766254,0.136320941,0.138019061,0.119404085,0.1236351,0.109536732,4.023865425,1.283381031,0.223522849,0.193047812,0.187413848,0.169661875,0.9248,0.9251,0.9697,0.9583,0.9661,0.956,0.9791,0.9615
8,1,1,1,3,0.6,300,0.04,0.072184201,0.115974356,0.017864655,0.038968332,-0.009854796,-0.00136214,0.515303375,0.496029446,0.170056788,0.173150991,0.090332389,0.089061262,837.0277171,76.47704464,0.277681104,0.286936744,0.142976403,0.14224467,0.9831,0.983,0.9844,0.9855,0.9313,0.9344,0.977,0.9568
9,1,1,1,3,0.7,300,0.04,0.095762939,0.121146452,0.064253303,0.086388588,0.020117722,0.035697582,0.321242027,0.28458566,0.173231084,0.172515408,0.103063948,0.104676741,18.55607567,375.3325036,0.275521451,0.277306729,0.157531978,0.15988918,0.9675,0.9664,0.989,0.9886,0.9536,0.9573,0.9815,0.9622
10,1,1,1,3,0.8,300,0.04,0.073974154,0.088727349,0.073824042,0.083908036,0.042727117,0.055638817,0.220630035,0.191183746,0.166226582,0.155099207,0.120129869,0.118123419,17.78749736,3.022797636,0.263748797,0.246825687,0.179958023,0.175233489,0.9489,0.9473,0.9833,0.9795,0.9661,0.9655,0.9832,0.9642
11,1,1,1,3,0.9,300,0.04,0.045807714,0.053389526,0.051492109,0.056045277,0.040529807,0.04746622,0.158635558,0.136610801,0.136336479,0.120002356,0.120343772,0.108835641,3.595660228,0.473681495,0.220060658,0.191821942,0.185133079,0.167411008,0.9232,0.9238,0.9695,0.9637,0.9639,0.9612,0.9785,0.9593
12,1,1,1,1,0.6,600,0.04,0.14016775,0.197900992,0.057448057,0.104620158,0.006709478,0.030135535,0.470838015,0.44839854,0.174385073,0.1925433,0.086691736,0.092107268,33.85247858,10.43786657,0.284355326,0.302733332,0.139482226,0.146278785,0.9838,0.9863,0.9887,0.9882,0.9439,0.9462,0.9682,0.9585
13,1,1,1,1,0.7,600,0.04,0.111533191,0.138182469,0.093537381,0.123296548,0.044228603,0.072534955,0.246445012,0.217819161,0.165965548,0.168460239,0.104017416,0.110895964,52.17231853,14.68849882,0.263735702,0.265877393,0.158785371,0.166516062,0.9657,0.9659,0.9873,0.98,0.9617,0.9552,0.9667,0.9557
14,1,1,1,1,0.8,600,0.04,0.069800238,0.085602211,0.076202802,0.09048126,0.054618699,0.072910299,0.159970438,0.14148565,0.137243324,0.128658647,0.109111555,0.10761093,1.347783817,0.323721387,0.221996773,0.203226637,0.166292526,0.162140526,0.942,0.9466,0.969,0.9533,0.9583,0.9458,0.9644,0.956
15,1,1,1,1,0.9,600,0.04,0.042371975,0.052828797,0.04976528,0.060719744,0.043175292,0.056045868,0.116370032,0.101576178,0.10501791,0.095018789,0.097877316,0.089572642,2.247780824,0.16180878,0.1665778,0.147620431,0.150337952,0.137321672,0.9321,0.9342,0.9589,0.9409,0.9577,0.9409,0.9698,0.9604
16,1,1,1,2,0.6,600,0.04,0.147035048,0.213024902,0.065226586,0.112147546,0.011083971,0.035510184,0.460149827,0.438799744,0.179596063,0.196728491,0.089432144,0.097272776,56.41458169,3954.000692,0.289658273,0.31391226,0.14309773,0.155943049,0.9843,0.9878,0.9895,0.9878,0.9463,0.9428,0.9668,0.9539
17,1,1,1,2,0.7,600,0.04,0.116249236,0.143106584,0.101425563,0.132078688,0.050161856,0.081927834,0.245442246,0.223955216,0.174528903,0.173782852,0.111016552,0.11691242,19.38526172,5.453971285,0.273172144,0.275040839,0.166338583,0.176994342,0.9651,0.9657,0.9853,0.9753,0.9605,0.9509,0.9686,0.9556
18,1,1,1,2,0.8,600,0.04,0.072154199,0.083651228,0.076988751,0.088223748,0.05589005,0.071472899,0.159826364,0.140509094,0.138926702,0.128603079,0.111846795,0.110108197,0.69675311,0.449778044,0.221430468,0.203034909,0.168848455,0.165454624,0.9468,0.9483,0.967,0.9498,0.9589,0.9431,0.9698,0.9563
19,1,1,1,2,0.9,600,0.04,0.045592859,0.054682896,0.054116252,0.061888043,0.048119315,0.057907345,0.114778609,0.10322751,0.108005479,0.09836953,0.100723579,0.093098609,0.197461338,0.162724906,0.168008509,0.14844305,0.15307182,0.139360008,0.9325,0.9343,0.9548,0.9369,0.9529,0.9367,0.9705,0.9571
20,1,1,1,3,0.6,600,0.04,0.128325649,0.188379558,0.051634964,0.101480445,0.006081843,0.028247828,0.463198458,0.43396939,0.173167095,0.190494307,0.086777208,0.093944162,44.08082848,70.92428377,0.281862465,0.302442342,0.139405729,0.147113365,0.983,0.9857,0.9896,0.9889,0.9526,0.9469,0.9679,0.9559
21,1,1,1,3,0.7,600,0.04,0.109022371,0.139393671,0.09584034,0.125821934,0.042919091,0.073499165,0.253745899,0.224105299,0.17177921,0.17097245,0.106423993,0.113415755,23.92727024,6.076946211,0.272490886,0.272354715,0.162483098,0.171190598,0.9705,0.9693,0.9867,0.9777,0.9615,0.9488,0.9713,0.9559
22,1,1,1,3,0.8,600,0.04,0.067676819,0.085028885,0.076857964,0.090288984,0.054281304,0.07258558,0.163439518,0.143684045,0.139018586,0.127567499,0.110994482,0.108235514,2.308939039,0.682500896,0.218727055,0.20170227,0.165670984,0.161910411,0.9469,0.9442,0.9708,0.9509,0.962,0.9458,0.9704,0.9605
23,1,1,1,3,0.9,600,0.04,0.041227132,0.051680114,0.05042578,0.060411868,0.044611636,0.055906763,0.114902389,0.100671373,0.105129988,0.096086263,0.097369951,0.090475784,0.415232064,0.160523558,0.164561494,0.146246085,0.149181549,0.136482424,0.931,0.9331,0.9601,0.9417,0.9593,0.9418,0.9686,0.9601
0,1,2,1,1,0.6,300,0.04,0.0999547461244131,0.144746053940887,0.0268174054897061,0.045547909613564,-0.0076331966646043,0.0004835032647962,0.729407331409986,0.719313021143929,0.246930935568362,0.253136017280576,0.132319464401381,0.131273405550255,81.2327430794518,50.79171426656,0.472244710077129,0.475790666167855,0.243684174540857,0.243009665961421,0.9811,0.9861,0.9814,0.9865,0.9248,0.9372,0.9872,0.9726
1,1,2,1,1,0.7,300,0.04,0.106006043801638,0.127235173609151,0.0639284840124146,0.0917389930342255,0.0200533900832204,0.0405338627992255,0.458834138843644,0.413908005015609,0.262776063277214,0.261590085506856,0.157809604424864,0.159023835009021,26.4504181795295,12.4927476815543,0.469701433874545,0.467863933390841,0.273217797004778,0.2794618115301,0.9722,0.9754,0.9891,0.9905,0.9551,0.9597,0.9871,0.977
2,1,2,1,1,0.8,300,0.04,0.0661189782633144,0.08366435363097,0.0718619958349828,0.0800121342954601,0.0416960585984073,0.0542083682357157,0.305021677250797,0.266459611001434,0.238064034932317,0.221625628518118,0.17606609386053,0.170062124727066,18.8549515241911,14.5491897729488,0.43680398409758,0.402190311216163,0.309876538997227,0.297089895374043,0.9582,0.9534,0.9857,0.9822,0.97,0.9722,0.9886,0.9767
3,1,2,1,1,0.9,300,0.04,0.0552476793392107,0.0612757634323667,0.0589723409142984,0.0576964869837742,0.0499165035082707,0.0505759069342938,0.216404738150613,0.192607440245333,0.19878819255458,0.177633955378976,0.175024351123085,0.164275968774732,1.1065620464127,0.380260369901475,0.355186352122032,0.308466679713513,0.308117183086233,0.277615476242186,0.9434,0.9448,0.9723,0.9679,0.9671,0.9664,0.9892,0.9781
4,1,2,1,2,0.6,300,0.04,0.10995312362904,0.139314300907816,0.0299248110644093,0.0604307450506015,-0.0022328893414037,0.0096936181793164,0.736445736647901,0.714818393552686,0.255152054198786,0.269345494307852,0.137787251448884,0.139177343339794,153.930053773771,1015.03574759653,0.488976987204965,0.501198546537521,0.253179499399914,0.260139539973672,0.9833,0.9847,0.9809,0.9817,0.923,0.9335,0.9878,0.9798
5,1,2,1,2,0.7,300,0.04,0.102900375330788,0.133986722040076,0.0685584046610771,0.088378855619918,0.0259341350678464,0.0392178451733652,0.45025760762502,0.407563734403093,0.26765163094214,0.27001238200087,0.162308207894732,0.170142879703823,15.1923943201588,51.4333934841994,0.496037618481083,0.488708468872373,0.295604630813732,0.301186753508819,0.9708,0.9733,0.9884,0.9885,0.9549,0.961,0.9899,0.9792
6,1,2,1,2,0.8,300,0.04,0.0830169393543086,0.0922252002753265,0.0777390174419365,0.0838861480113464,0.0517725764812325,0.0590919850794551,0.300108950387237,0.264891652796508,0.243986115121307,0.220965315600357,0.181457056858237,0.176539489960128,7.1483508126441,1.48946492925415,0.431260852927798,0.402060637967459,0.315174070221382,0.309905789721939,0.9615,0.9598,0.9853,0.9786,0.9698,0.9686,0.9891,0.978
7,1,2,1,2,0.9,300,0.04,0.0494664137462904,0.0559444347324797,0.0567665663930477,0.0567439823009334,0.0485296864836446,0.0500626693851007,0.223403801561616,0.1959151715914,0.20191288001778,0.182559858339418,0.181997353008438,0.169232712435073,0.776775850087785,0.534894186060882,0.381426799270482,0.330556440791154,0.329826870926652,0.297308741759667,0.9392,0.9396,0.9729,0.9663,0.9699,0.9658,0.9895,0.9796
8,1,2,1,3,0.6,300,0.04,0.114775371684114,0.143529660350645,0.0262604713936746,0.0448746176141419,-0.0061896472245914,-0.000862825894651,0.738181903264131,0.709136026724761,0.247195715473862,0.252708669655398,0.133465201748717,0.129430793263963,156.153023099489,79.3948667872743,0.490384989968694,0.478361984309557,0.245897328628759,0.241357617484118,0.9842,0.985,0.9813,0.9851,0.9248,0.937,0.9886,0.9779
9,1,2,1,3,0.7,300,0.04,0.110168181549145,0.131116603647702,0.0698958666260315,0.0850579658888979,0.0217599265681944,0.0348472364469568,0.459496285284808,0.40805858835355,0.262037531094852,0.26397246328025,0.155229433129123,0.160666725216964,61.1692964402021,77.3619969299807,0.480712474081621,0.472866066580047,0.279017548499659,0.281650888761214,0.9725,0.9744,0.9895,0.9877,0.954,0.9621,0.9881,0.9788
10,1,2,1,3,0.8,300,0.04,0.0807972309068099,0.0920636535557135,0.0744661551741741,0.0868099599380695,0.0454209401830032,0.0571353163671497,0.298586786379829,0.264828418256495,0.237421006857543,0.224304963484666,0.176813822911397,0.173205446606122,7.40288659577788,2.11899406072986,0.43024662104502,0.398518090850114,0.305552930630523,0.295777317498823,0.9599,0.9622,0.9866,0.9833,0.9697,0.9718,0.989,0.9789
11,1,2,1,3,0.9,300,0.04,0.0510083024751786,0.0562999316393658,0.0539610926662618,0.060289081117752,0.0453350536509312,0.0525703674339024,0.217755531879125,0.194716768549845,0.202569534642401,0.183859850986974,0.180281111498806,0.168027341077711,0.648530884407697,1.9310614901717,0.42222670086271,0.37484792546065,0.377400722758459,0.344308162000587,0.9449,0.9455,0.9749,0.9694,0.9702,0.9678,0.988,0.9792
12,1,2,1,1,0.6,600,0.04,0.147928971057448,0.212634768961802,0.064190928695744,0.103068431512598,0.0112026005105727,0.0316792003893112,0.660255695080961,0.624080147671859,0.264225356965885,0.279902574900627,0.134923417433583,0.140582888700749,23.8461751103167,33.9394393157464,0.487697907517007,0.504048213316342,0.245816208246814,0.255078783722166,0.9863,0.9891,0.9884,0.9903,0.944,0.948,0.9821,0.9755
13,1,2,1,1,0.7,600,0.04,0.111744784599478,0.133248143362008,0.100593065449761,0.123207145497681,0.0495191684285368,0.0733715600414303,0.357519698621858,0.316178699743284,0.256540310222991,0.246177430888845,0.1616513909113,0.16914630144617,11.2630905104029,6.89234234553249,0.444979090925989,0.428397077473747,0.27826974747426,0.28374962139556,0.9725,0.9706,0.9861,0.9802,0.9627,0.9611,0.9809,0.9748
14,1,2,1,1,0.8,600,0.04,0.0728740154552021,0.0865200570174626,0.0768015044801583,0.0857760866690404,0.0572862008550623,0.0705860104710928,0.232693728850804,0.201636558554597,0.202508415146192,0.182171494806663,0.16394154792819,0.156140443202336,0.924586518199201,1.04245689129581,0.357751642023145,0.317639540556861,0.284036717483753,0.265400916041677,0.9546,0.9564,0.98,0.9687,0.9727,0.9638,0.9835,0.9776
15,1,2,1,1,0.9,600,0.04,0.0462173760314064,0.056385430083893,0.0521198964929818,0.063160405033628,0.0473189309931079,0.0587784370580447,0.170108351052859,0.145572138526401,0.15497397291038,0.139150256470386,0.145524329890441,0.132492915683842,0.410043056054566,0.260392036100095,0.271245468954909,0.23292426761723,0.249993965226232,0.21982277956587,0.9441,0.9445,0.9638,0.9585,0.9628,0.9585,0.9832,0.9784
16,1,2,1,2,0.6,600,0.04,0.148466722782164,0.220731264862154,0.0678330123506363,0.119786061701768,0.0137012286389863,0.0415027421210817,0.648333923502074,0.611708101565408,0.269398683466459,0.294397702223277,0.13634267492245,0.149569486429743,63.1133871440065,46.4400435084844,0.537389993587183,0.559659637528032,0.278411453565071,0.304734329469259,0.9871,0.9872,0.9891,0.9886,0.9507,0.9508,0.9812,0.9782
17,1,2,1,2,0.7,600,0.04,0.125666080750142,0.151869664608034,0.109612657892091,0.133813112583691,0.059415361127874,0.0850311511231566,0.358683834946451,0.31303625261735,0.257306243885207,0.25486288699166,0.169802705096676,0.181277501570994,16.149735843384,4.82049031941707,0.466331253278062,0.439859395588119,0.300354735158144,0.298002798517015,0.9725,0.9728,0.9878,0.9829,0.9657,0.9639,0.9836,0.9778
18,1,2,1,2,0.8,600,0.04,0.0780270812339042,0.0900705458076683,0.0844126562283407,0.0933045841687764,0.0625817912460525,0.0788858761314739,0.230244524631333,0.204332287929725,0.205531534358161,0.182377742438379,0.170961756865538,0.160372559177478,5.13493324503998,0.40071477095496,0.351804568789891,0.310340266083274,0.280483331672424,0.262109199399246,0.9573,0.9554,0.976,0.9629,0.9695,0.9588,0.9814,0.9761
19,1,2,1,2,0.9,600,0.04,0.0441444133272914,0.0562611098822215,0.053155122971228,0.0563105496988396,0.0477860700222656,0.0529508315395712,0.170539793324529,0.147127761973129,0.157684409966844,0.139429618594364,0.148129600075529,0.133229064724871,0.319289651619849,0.264227468152333,0.275857215223082,0.237663199866547,0.257277500097673,0.226338872026737,0.9424,0.9466,0.9636,0.9565,0.9622,0.9563,0.9817,0.977
20,1,2,1,3,0.6,600,0.04,0.144575285423559,0.200509634144848,0.0574639833216272,0.108113954373668,0.0070685977080672,0.0312268995318173,0.647271435035779,0.624100330119295,0.259001784524928,0.278415250012354,0.131703877598161,0.13847093194255,719.087045924641,25.308983664439,0.491953768301726,0.538708334944567,0.246516353766384,0.284828086691515,0.9872,0.9874,0.9873,0.9892,0.9496,0.9503,0.9813,0.9772
21,1,2,1,3,0.7,600,0.04,0.123440540692534,0.145414632801685,0.106305716097746,0.12973270844712,0.0558555452135911,0.0808630458602687,0.362804190004463,0.323590300229596,0.261184635955494,0.252580848877357,0.166164223450285,0.173209203941806,9.45729774255371,6.10313288364475,0.445745796694532,0.425932469791326,0.279335141353616,0.282157845392392,0.973,0.9729,0.989,0.9854,0.9678,0.9641,0.9851,0.9763
22,1,2,1,3,0.8,600,0.04,0.0769548424271007,0.086088148926869,0.0794370783598778,0.0929680465691237,0.0591960792456507,0.0765129901868497,0.23007530513748,0.203244846690537,0.202934330261975,0.183573037564493,0.165549591995197,0.157355056033421,1.21526281969532,0.422094790573225,0.354655963643276,0.31452182406527,0.280721219169718,0.262186442483511,0.9563,0.9556,0.975,0.9675,0.9682,0.9619,0.9851,0.9778
23,1,2,1,3,0.9,600,0.04,0.0450691132134761,0.0570945267295511,0.05931695449876,0.0644047169696404,0.052461519557152,0.058730280445835,0.171569405993232,0.151167512778327,0.162014613443533,0.141870309432976,0.150958702297838,0.135297969557865,0.315940954934278,0.268602214640626,0.285097203442462,0.24288208066427,0.263829691990095,0.229854138044322,0.9427,0.9463,0.9651,0.9552,0.9637,0.9554,0.9847,0.9788
0,2,1,3,1,0.6,300,-3.44,-4.95633114,-5.906141958,-1.195155562,-1.91905599,1.469252183,0.988727915,11.3372306,11.61599589,2.412180965,2.885721872,1.469252183,1.011455931,1299.716335,2323.162884,4.166846926,4.328646461,2.733208132,2.551028629,0.9821,0.9856,0.709,0.7547,0.4105,0.5126,0.4657,0.1608
1,2,1,3,1,0.7,300,-3.44,-3.721362645,-3.931392297,-1.635524992,-2.055829559,0.497297086,0.085436648,4.721482394,4.525256572,1.919993755,2.235016429,0.595798276,0.471846984,128.5608942,338.2317062,2.830676987,2.918883186,1.587876705,1.309551706,0.9841,0.9886,0.9098,0.942,0.727,0.8291,0.6797,0.4183
2,2,1,3,1,0.8,300,-3.44,-1.885674408,-1.799302628,-1.17735448,-1.184236404,0.087932446,-0.143453977,1.974409837,1.835224836,1.223971325,1.200104528,0.414757203,0.40441538,59.17915232,49.71768606,1.914905096,1.882388092,0.826693438,0.692509829,0.9802,0.9802,0.9826,0.9926,0.9179,0.9653,0.8645,0.7468
3,2,1,3,1,0.9,300,-3.44,-0.612426654,-0.537861444,-0.406826423,-0.311981363,0.010673255,0.002159851,0.676565769,0.586183801,0.508722384,0.430487892,0.339126778,0.310505381,5.546018756,8.867391337,1.128067984,0.97832666,0.696349159,0.660207689,0.9562,0.9593,0.9753,0.97559756,0.9556,0.9591,0.9568,0.9417
4,2,1,3,2,0.6,300,-3.44,-5.137031302,-6.149844865,-1.365744383,-2.116439124,1.340796764,0.838715828,11.55421269,11.59660348,2.575315686,3.012354641,1.341845638,0.930007631,445.8320137,2431.559303,4.158884731,4.367544779,2.664330968,2.487733106,0.9832,0.9861,0.7203,0.7697,0.4461,0.5422,0.4439,0.1479
5,2,1,3,2,0.7,300,-3.44,-3.794679879,-3.948398846,-1.750448618,-2.20034671,0.374407868,-0.082199164,4.731726143,4.459771446,2.043381191,2.336356225,0.585390675,0.525303649,207.8405704,246.7475471,2.901098899,3.045682396,1.541693147,1.265806257,0.9833,0.9856,0.915,0.9514,0.7501,0.8535,0.6524,0.3955
6,2,1,3,2,0.8,300,-3.44,-1.899888135,-1.809961012,-1.22733735,-1.21652872,-0.027414896,-0.255900874,1.99173321,1.853039259,1.268280066,1.228811474,0.416867866,0.439689719,202.1519545,118.6217861,1.952275989,1.947963859,0.828289065,0.745972386,0.9808,0.9798,0.984,0.9933,0.9315,0.9717,0.8568,0.7344
7,2,1,3,2,0.9,300,-3.44,-0.617161496,-0.533160084,-0.407633569,-0.310824491,-0.028914745,-0.036480816,0.683720669,0.589668004,0.516065315,0.426771035,0.346506378,0.318973577,31.31173889,4.043293973,1.151223164,0.984645308,0.745814983,0.698907301,0.9511,0.9539,0.9716,0.9682,0.9522,0.9527,0.9496,0.9354
8,2,1,3,3,0.6,300,-3.44,-5.000905535,-5.865010831,-1.234718027,-1.94753751,1.422901063,0.937994573,11.11778556,11.32978469,2.427697475,2.867439786,1.422901063,0.970144518,735.6127347,662.6624455,4.1179116,4.270740644,2.699843584,2.513452996,0.9801,0.9837,0.7162,0.7616,0.4246,0.5219,0.467,0.1612
9,2,1,3,3,0.7,300,-3.44,-3.747720739,-3.886417372,-1.689714105,-2.083882652,0.475237318,0.05212127,4.821971295,4.522259519,1.987297986,2.270489501,0.590338479,0.481809081,1418.734473,134.6678037,2.877715391,2.962145011,1.582694747,1.29372498,0.9823,0.9843,0.9101,0.943,0.734,0.8389,0.6768,0.4084
10,2,1,3,3,0.8,300,-3.44,-1.957537141,-1.861666402,-1.236288565,-1.220534299,0.04560125,-0.183982535,2.044416931,1.894489418,1.280927744,1.235273497,0.412443725,0.4104145,90.34104157,28.91046728,1.963812803,1.932674459,0.8330303,0.708131506,0.9819,0.9831,0.9837,0.9932,0.9239,0.969,0.8619,0.7391
11,2,1,3,3,0.9,300,-3.44,-0.634731725,-0.563126358,-0.424873588,-0.335468288,0.005085756,-0.025680549,0.690342478,0.608484588,0.521403387,0.443635715,0.336181847,0.315902711,15.80755046,4.204857375,1.152596159,1.005398205,0.704537743,0.669964561,0.9578,0.9626,0.9746,0.9746,0.9539,0.9578,0.9549,0.9396
12,2,1,3,1,0.6,600,-3.44,-8.125306394,-9.074575779,-3.586774899,-4.54301259,-0.043283215,-0.792874417,12.90160303,12.45639168,4.274739891,5.039062589,1.037929469,1.349956843,7225.570954,890.7892222,5.218583181,5.702410262,2.372199436,2.286375897,0.9918,0.9901,0.8206,0.8696,0.6636,0.7532,0.1193,0.0107
13,2,1,3,1,0.7,600,-3.44,-4.505082295,-4.427736589,-3.102751969,-3.274103943,-0.867134101,-1.339942937,4.713402041,4.51911632,3.186266957,3.304732541,0.969599658,1.372103323,260.0287746,463.4392094,3.748898039,3.947961866,1.315694043,1.547136132,0.9831,0.9676,0.9763,0.9905,0.9414,0.9775,0.3276,0.0957
14,2,1,3,1,0.8,600,-3.44,-2.02642357,-1.902831897,-1.622142523,-1.498369974,-0.807046485,-0.907854972,2.034388786,1.903407972,1.624949185,1.498369974,0.814910128,0.909174003,17.5839849,12.81580885,2.243689749,2.069784144,1.029568549,1.140761315,0.9747,0.9484,0.9986,0.9997,0.9956,0.9993,0.6456,0.4133
15,2,1,3,1,0.9,600,-3.44,-0.678991964,-0.581193174,-0.529684368,-0.401262214,-0.306173597,-0.241953974,0.679414595,0.581473184,0.535237697,0.411572791,0.348017296,0.295432565,1.30997222,0.98224674,0.903697051,0.704185369,0.588798313,0.508827798,0.9748,0.9601,0.9981,0.9991,0.9957,0.9958,0.9239,0.886
16,2,1,3,2,0.6,600,-3.44,-8.07902535,-8.988648515,-3.771293028,-4.791539593,-0.166309112,-0.976491282,12.97232046,12.42553233,4.436250849,5.238775517,1.1119275,1.482216811,3513.20807,1330.406048,5.36042645,5.895901954,2.400626574,2.345709648,0.99,0.9871,0.8243,0.8737,0.6775,0.7715,0.1038,0.0082
17,2,1,3,2,0.7,600,-3.44,-4.570756231,-4.491116877,-3.20029635,-3.337443613,-0.999907819,-1.496396907,4.820824776,4.581665707,3.283265047,3.361425371,1.09925528,1.522299651,549.6893886,160.532539,3.888477353,4.074641891,1.419580669,1.699953669,0.9844,0.9709,0.9781,0.9923,0.942,0.9798,0.2914,0.081
18,2,1,3,2,0.8,600,-3.44,-2.070036062,-1.912521799,-1.636744641,-1.505479358,-0.878735337,-0.969786104,2.075571013,1.913255791,1.639566742,1.50576118,0.884120422,0.969881273,23.94459456,4.230628453,2.257495103,2.061239553,1.109803502,1.209821286,0.9734,0.9401,0.9992,0.9999,0.9969,0.9995,0.6012,0.3865
19,2,1,3,2,0.9,600,-3.44,-0.679154353,-0.568932635,-0.520909915,-0.380767108,-0.321558086,-0.242509294,0.67989419,0.570318706,0.527945617,0.394156446,0.361499446,0.295033138,1.569037847,0.994558688,0.884243835,0.694683816,0.601530566,0.519726672,0.9725,0.952,0.9977,0.9955,0.9945,0.9918,0.9175,0.8772
20,2,1,3,3,0.6,600,-3.44,-8.20820147,-9.179966302,-3.639198304,-4.617631794,-0.08855806,-0.821908608,12.62184784,12.34997246,4.308141735,5.073329383,1.029102724,1.368131452,4511.908137,3512.111958,5.239992826,5.722189655,2.357062693,2.266315729,0.9897,0.9888,0.8286,0.876,0.6729,0.7605,0.1195,0.0099
21,2,1,3,3,0.7,600,-3.44,-4.603476723,-4.483248287,-3.134996732,-3.312276933,-0.892537666,-1.374462445,4.825757014,4.591163205,3.21708656,3.338590994,0.993230151,1.407748389,4208.504575,213.0242584,3.810747873,4.00173945,1.351211679,1.591376374,0.9849,0.9701,0.9764,0.9899,0.9409,0.974,0.3145,0.0899
22,2,1,3,3,0.8,600,-3.44,-2.055082142,-1.894151337,-1.607947818,-1.476192094,-0.801378432,-0.908499986,2.06397886,1.897225178,1.611714087,1.47723072,0.812471316,0.909556584,19.96244973,5.226609311,2.242190329,2.059560184,1.045455314,1.147758651,0.9748,0.9441,0.9985,0.9995,0.9944,0.9991,0.6322,0.4137
23,2,1,3,3,0.9,600,-3.44,-0.673372084,-0.570436911,-0.519086463,-0.390799094,-0.299844123,-0.231468207,0.675089867,0.57169066,0.523951581,0.403943008,0.347107127,0.291226024,1.267261588,0.980736985,0.896824488,0.708599593,0.589269095,0.516892138,0.9737,0.9614,0.9976,0.9971,0.9957,0.9942,0.927,0.8863
0,2,2,3,1,0.6,300,-3.44,-4.84280963570207,-5.72640970173303,-1.16150402281325,-1.87883499813645,1.4759341957526,0.977298331807723,11.2122698084747,11.389040252633,2.38823942581757,2.8499054761604,1.47694079247068,1.0299613868961,387.044472026693,999.416299905101,4.11557357737813,4.32132695384382,2.705583781643,2.54690074219762,0.9798,0.9859,0.7182,0.7586,0.4251,0.5204,0.495,0.1885
1,2,2,3,1,0.7,300,-3.44,-3.77181800469924,-3.95668799158345,-1.64082656259793,-2.05916693103863,0.525472069408465,0.094947359662757,4.75136646092216,4.53576644296104,1.93039242399379,2.23122168324778,0.646948330549378,0.512306239330432,449.206993942183,280.333848308305,2.81883703736771,2.9631202666495,1.58998393300061,1.30483212697566,0.9816,0.9825,0.9092,0.9455,0.7245,0.8361,0.6978,0.4368
2,2,2,3,1,0.8,300,-3.44,-1.87128660384981,-1.78257025334645,-1.15487447631801,-1.18330605962113,0.0617934663516171,-0.156765077325421,1.95216037676836,1.81785287468214,1.21114797995962,1.20272569479375,0.445341952238333,0.42899751440645,715.102622293006,81.8615669144289,1.95176736805284,1.91467353641701,0.856400443264389,0.733721556468454,0.9797,0.9805,0.9834,0.9928,0.9254,0.9679,0.8743,0.7622
3,2,2,3,1,0.9,300,-3.44,-0.620857376205581,-0.536051220396663,-0.404286140655556,-0.301220404012766,0.0206551871237881,0.0070169772740029,0.70852447150081,0.615739543735556,0.546460187700335,0.459288129114603,0.372536819280419,0.349513035255767,8.84907766795999,2.50329742464644,1.24357587963744,1.01515759417901,0.868601315076232,0.703522986264523,0.9565,0.9573,0.9744,0.9742,0.9526,0.9573,0.9557,0.9431
4,2,2,3,2,0.6,300,-3.44,-4.85133506388275,-5.70366806628014,-1.25489768380024,-2.02200066939641,1.38298253410627,0.845857368722096,11.1893626081196,11.4195090283047,2.49090193239278,2.98601350475554,1.38891451278286,0.97434365839835,6956.67424855257,9342.6863856459,4.22321956824469,4.41776215938341,2.70516144765355,2.5211135840079,0.9815,0.9861,0.7193,0.7682,0.4474,0.5475,0.4711,0.1762
5,2,2,3,2,0.7,300,-3.44,-3.72442570790415,-3.87866414085981,-1.71844282711668,-2.13266562274092,0.4038957111527,-0.0430696682107148,4.71383474661434,4.46216224239715,2.03662580167453,2.31378601175533,0.628977581628039,0.556175470225952,2300.69210859051,707.782549250547,2.93026050569558,3.07010840091357,1.5779150272553,1.30340883132236,0.9836,0.9846,0.9147,0.9504,0.7432,0.8496,0.6736,0.424
6,2,2,3,2,0.8,300,-3.44,-1.92662375469741,-1.8291770258652,-1.23861664787566,-1.22310241935881,-0.0248890975395395,-0.256025264975998,2.01912358755799,1.86797320926132,1.2919656693986,1.24604660310339,0.459248339085789,0.459743224831923,110.720768365491,24.8564003574141,2.04169500973606,1.99725884588486,0.897111095477667,0.825032958687053,0.9814,0.9808,0.9824,0.9901,0.9335,0.9692,0.8592,0.7446
7,2,2,3,2,0.9,300,-3.44,-0.62673054669174,-0.534041198311555,-0.402924339584874,-0.308609110656072,-0.0171361976332893,-0.0292817534696648,0.728478615778314,0.6194773323942,0.539743647218772,0.4562333060303,0.377586785649244,0.344470153975869,25.3412980101439,11.6115926423745,1.20566566382776,1.05281758423631,0.807283187012314,0.756271797831808,0.9533,0.9551,0.9667,0.9662,0.9482,0.9532,0.9455,0.9312
8,2,2,3,3,0.6,300,-3.44,-5.03737082800276,-5.96335100749965,-1.17770075298879,-1.92520150855946,1.45581294270056,0.969719245067272,11.2069727211884,11.514622622568,2.41754493839855,2.8706917584625,1.45770537421956,1.02416895490893,1416.63527031578,645.510237589928,4.12392687771086,4.32025182387405,2.70530688737709,2.53075804091179,0.9807,0.9857,0.7194,0.7649,0.4166,0.5254,0.4891,0.1876
9,2,2,3,3,0.7,300,-3.44,-3.71240449131941,-3.82751987982962,-1.66480665508261,-2.05347137940161,0.475666287171062,0.059100903296665,4.70726277842625,4.49217091340135,1.95649923892719,2.24393739084454,0.623506525811661,0.509451597156686,412.349532127565,228.966558046701,2.89993397016423,2.99275328324718,1.59854840695171,1.30519275359945,0.9845,0.9877,0.9127,0.9469,0.7341,0.8384,0.6965,0.4394
10,2,2,3,3,0.8,300,-3.44,-1.91273568667688,-1.8327267453732,-1.1876395982733,-1.21086116500424,0.0653618753830774,-0.177615000640552,2.01477766429925,1.87385521741471,1.24756434085198,1.23449540695582,0.437475331324163,0.437082639617073,120.692590020153,80.0332037460561,1.99921410960697,1.95470536933215,0.891471156057115,0.76040912343489,0.9792,0.9813,0.9819,0.9925,0.921,0.9657,0.87,0.7575
11,2,2,3,3,0.9,300,-3.44,-0.63122354000937,-0.551083657093184,-0.407808289399096,-0.323448526513644,0.0096438274905417,-0.0146520512628368,0.725232764152576,0.637611137811264,0.560672267719236,0.472792732763504,0.37842334285522,0.356137767017218,8.56509225467456,2.64684770691861,1.21252023194846,1.05058281210417,0.773189870218617,0.721705160459138,0.958,0.9549,0.9718,0.9726,0.9474,0.9558,0.9511,0.9346
12,2,2,3,1,0.6,600,-3.44,-8.05550149340448,-8.9291506271738,-3.57196324758064,-4.54737504793191,-0.0631222073621214,-0.819396162108504,12.6377117644445,12.3387206420504,4.30087337987814,5.0544006936738,1.05463615573738,1.38138089793184,1074.14210803637,1616.17616694132,5.26050847742334,5.74203146863412,2.3980514849749,2.31274134232308,0.991,0.9905,0.8221,0.8696,0.6703,0.7598,0.1489,0.0177
13,2,2,3,1,0.7,600,-3.44,-4.62178237426921,-4.52283261377546,-3.12824256942137,-3.29695497209351,-0.877070489640542,-1.34890977306628,4.84704697349784,4.61842508251427,3.21153094933899,3.32835518543741,0.997159213269856,1.37949429080155,596.183123034135,82.1091358241213,3.8169360655948,3.99342266183044,1.37242278066738,1.57535679229174,0.9829,0.9676,0.9758,0.9917,0.9353,0.9753,0.3491,0.1154
14,2,2,3,1,0.8,600,-3.44,-2.00645652884571,-1.87557026317212,-1.60062426629645,-1.4771881626914,-0.794362116278128,-0.891690364647173,2.01105647846807,1.87824960970556,1.60399763842781,1.47811473835981,0.804856991442231,0.894054792766583,22.5335252662282,4.05067210236278,2.2496869319455,2.04903927082216,1.06217311987922,1.15831709944307,0.9776,0.9466,0.9987,0.9997,0.9959,0.999,0.6675,0.4576
15,2,2,3,1,0.9,600,-3.44,-0.67633936385474,-0.575490888700104,-0.52001266581424,-0.388333579375147,-0.29888342935755,-0.226784853481297,0.684976651555411,0.583049011919358,0.537683148854239,0.414938334517688,0.368817308783092,0.308541266045663,1.3379006577131,1.01575840626126,0.931466527842782,0.740900592079574,0.629715415545072,0.553835308160669,0.9701,0.9538,0.9957,0.9956,0.9933,0.9927,0.9246,0.8894
16,2,2,3,2,0.6,600,-3.44,-8.13567732332574,-9.0333654661322,-3.74634659549145,-4.70426110253459,-0.194889796318703,-0.969882403309881,12.787958577779,12.3784016731849,4.47605374531049,5.20514085750522,1.14722149214901,1.50214177618895,745.85922039833,2888.05209344457,5.43599355761299,5.90357634985128,2.42402737608983,2.35245263581903,0.9892,0.989,0.827,0.8783,0.6825,0.7701,0.1245,0.0155
17,2,2,3,2,0.7,600,-3.44,-4.48354923585433,-4.37978548843959,-3.15762911522617,-3.31040619814493,-1.01505239322087,-1.50300168975427,4.7003952285061,4.45226318002809,3.2279533833017,3.33181965810315,1.11160996577162,1.53057604305939,166.040379790754,395.062763542959,3.88260094300025,4.05683921423039,1.45071137930931,1.72458555156223,0.9817,0.964,0.9814,0.9938,0.9488,0.981,0.3243,0.1101
18,2,2,3,2,0.8,600,-3.44,-2.00348553340669,-1.84439704348605,-1.60285405526157,-1.46295071276256,-0.864689732311446,-0.941604550873856,2.01306400473001,1.84712895000563,1.60535246927515,1.46378280218896,0.872703832848371,0.942521203518347,17.9497066975625,42.7303469305754,2.23127093815409,2.03212891829019,1.1251860791608,1.21377590315619,0.9735,0.9388,0.9991,0.9997,0.9958,0.999,0.6365,0.4408
19,2,2,3,2,0.9,600,-3.44,-0.668122851517424,-0.561897562293628,-0.518032999504283,-0.38587018188925,-0.317583686988096,-0.24333100446245,0.675110794176848,0.570281426590911,0.533115482157748,0.411899968973464,0.373163225053141,0.315409759793229,16.6610696818134,1.05053214954481,0.922037897427962,0.727470811667022,0.650657457092061,0.562041047247997,0.9679,0.9468,0.9961,0.9952,0.9936,0.9923,0.9177,0.8841
20,2,2,3,3,0.6,600,-3.44,-8.04291142376779,-8.88329012886416,-3.61546090246428,-4.56249098046967,-0.0720851778788738,-0.823247103218373,12.5207259575557,12.1989411134977,4.28396571970471,5.04517401981741,1.06271480529261,1.37884782731518,23051.6100331208,16585.5449245973,5.22946502645647,5.67977982134636,2.35077779152109,2.24922037978915,0.991,0.989,0.8243,0.8775,0.6738,0.7648,0.1478,0.0178
21,2,2,3,3,0.7,600,-3.44,-4.65472009976853,-4.54127623428475,-3.14937583259268,-3.30299161782981,-0.897401500720315,-1.38426449480179,4.89940669327199,4.62314832074067,3.21726686241636,3.32607630981614,1.00838730150487,1.41691393876729,556.179145328158,353.563147890578,3.82217692467902,4.01683071846816,1.36363189890044,1.60134409454717,0.9819,0.9689,0.9789,0.9918,0.9393,0.976,0.3437,0.1129
22,2,2,3,3,0.8,600,-3.44,-2.04933595553992,-1.89241331129529,-1.60513083205076,-1.48746515847395,-0.80654275459686,-0.917715383395399,2.05415746613136,1.89491770515369,1.60751729917505,1.48787714758516,0.817294367374941,0.919514472073729,20.5672585101664,20.8868613989185,2.24851661111434,2.04214161438286,1.0768689178232,1.16771195861944,0.972,0.9419,0.9989,0.9999,0.9966,0.9992,0.6542,0.4542
23,2,2,3,3,0.9,600,-3.44,-0.676073985201117,-0.573973281998879,-0.530725342730175,-0.391889182499326,-0.310804034663264,-0.232878568627266,0.683777919342357,0.579977316995375,0.54412870625974,0.417844208238844,0.375039777391902,0.313275441456123,1.29282521069183,1.00582545313928,0.928985914746944,0.738322034905886,0.628922990369663,0.551605185859269,0.972,0.9529,0.9971,0.9963,0.9943,0.9931,0.9213,0.8881
0,2,1,1,1,0.6,300,-3.44,-5.314344059,-5.539358084,-1.46753237,-1.738945062,1.099930545,0.797024382,10.49449573,9.501939656,2.291481815,2.3518979,1.099930545,0.799425377,4866.861983,1891.742834,3.791509841,3.584562884,2.452124388,2.194644677,0.9824,0.9866,0.7619,0.8094,0.4971,0.576,0.7389,0.4596
1,2,1,1,1,0.7,300,-3.44,-3.241091893,-2.949158858,-1.485540084,-1.380203637,0.373360457,0.258568971,3.746264247,3.191551796,1.652016526,1.454412849,0.439048504,0.357941854,2540.866443,658.2034576,2.387450657,2.131211095,1.232189842,0.936641446,0.9855,0.9791,0.9481,0.972,0.8252,0.8888,0.8598,0.7031
2,2,1,1,1,0.8,300,-3.44,-1.275186072,-0.927569971,-0.601151968,-0.280342652,0.221784253,0.311018624,1.302442645,0.943044537,0.701637806,0.54950056,0.368170059,0.408147588,26.64596235,19.43616363,1.397429875,1.117987316,0.618295655,0.581002122,0.9818,0.969,0.9854,0.9697,0.9349,0.9051,0.9489,0.8957
3,2,1,1,1,0.9,300,-3.44,-0.195069907,0.066447325,0.155755142,0.453049152,0.398045801,0.625083644,0.417593106,0.395008564,0.411912215,0.532510185,0.454883266,0.635226124,3.083220242,30.0821377,0.69769468,0.695942705,0.579681499,0.727458944,0.9709,0.9681,0.91,0.7386,0.8229,0.6191,0.9878,0.9724
4,2,1,1,2,0.6,300,-3.44,-5.462985579,-5.738327176,-1.749425604,-2.117183843,0.877059066,0.514762744,10.31255404,9.27165388,2.514916843,2.700241569,0.89957193,0.645797782,1413.080141,472.5676695,3.957509122,3.830783372,2.391533155,2.116962075,0.9865,0.9883,0.7836,0.8338,0.5468,0.6374,0.7407,0.4482
5,2,1,1,2,0.7,300,-3.44,-3.210308891,-2.869762879,-1.616660305,-1.478747925,0.140279632,-0.002162495,3.621826559,3.051848043,1.752052079,1.540211409,0.402626332,0.375660814,464.4309786,697.7322856,2.47816709,2.269192444,1.116772367,0.856563397,0.9838,0.9782,0.9602,0.9784,0.8661,0.9233,0.8567,0.6862
6,2,1,1,2,0.8,300,-3.44,-1.269945223,-0.911000396,-0.603514414,-0.274138887,0.105310474,0.2084885,1.295809283,0.923498243,0.684779278,0.545564774,0.36596262,0.398230364,56.62185867,27.61331965,1.432779199,1.127342598,0.607649071,0.562859886,0.9763,0.9672,0.9838,0.9581,0.9454,0.9021,0.9433,0.8792
7,2,1,1,2,0.9,300,-3.44,-0.150823899,0.117715164,0.190075795,0.474225228,0.385257036,0.607658297,0.403735055,0.401565137,0.41430851,0.553230041,0.444171083,0.621603527,4.543595415,1.295825475,0.714545191,0.725100035,0.585858895,0.733340209,0.9739,0.9659,0.8659,0.6692,0.7942,0.5743,0.9848,0.9703
8,2,1,1,3,0.6,300,-3.44,-5.333438271,-5.666552569,-1.498726949,-1.789331343,1.104984724,0.790390543,10.38879704,9.433123853,2.288726167,2.361988194,1.104984724,0.794601492,3779.245635,443.2561852,3.809138888,3.59257014,2.449777494,2.184774901,0.9847,0.9867,0.771,0.8177,0.492,0.5739,0.7454,0.4651
9,2,1,1,3,0.7,300,-3.44,-3.263140984,-2.90838146,-1.494897417,-1.391303186,0.333804049,0.235526516,3.697347279,3.115760893,1.639998835,1.468497741,0.422637372,0.357264099,302.854986,802.9044709,2.378167261,2.121061964,1.206774903,0.902088241,0.9847,0.9797,0.9511,0.9751,0.8266,0.8942,0.8625,0.6976
10,2,1,1,3,0.8,300,-3.44,-1.321953731,-0.974286298,-0.619881758,-0.284137873,0.204478555,0.296827463,1.358688628,0.989862228,0.700275172,0.544374959,0.356402419,0.40367146,46.88014224,205.0207154,1.443319943,1.151129473,0.643437418,0.581854803,0.9804,0.9727,0.9849,0.9679,0.9365,0.907,0.9479,0.8913
11,2,1,1,3,0.9,300,-3.44,-0.174661038,0.09030977,0.179560633,0.456835735,0.406507262,0.623452697,0.406308668,0.399954557,0.415528024,0.54000291,0.457571891,0.63436449,2.353966117,2.602853423,0.691769728,0.698760707,0.584313205,0.731140076,0.9722,0.967,0.9025,0.7236,0.8156,0.6042,0.9846,0.9718
12,2,1,1,1,0.6,600,-3.44,-7.689766993,-7.883628587,-3.495476413,-3.89882723,-0.222569989,-0.639129849,11.38232702,10.24663969,4.041630921,4.25879859,0.906449928,0.99606613,1403.254896,2817.123751,4.899099731,4.793533579,2.181679105,1.867539836,0.9882,0.9807,0.8459,0.9019,0.7066,0.7891,0.5867,0.2006
13,2,1,1,1,0.7,600,-3.44,-3.96123751,-3.460708202,-2.584326012,-2.207938697,-0.777526164,-0.862157234,4.097817139,3.506522158,2.633317986,2.224584713,0.839061631,0.880899204,417.6971586,53.36913024,3.258659189,2.94607372,1.124289853,1.060188484,0.9698,0.918,0.9855,0.9955,0.9594,0.986,0.7672,0.4416
14,2,1,1,1,0.8,600,-3.44,-1.54652371,-1.186038539,-1.0234414,-0.642175831,-0.453958681,-0.257606129,1.551759506,1.186510191,1.024858414,0.666263897,0.49407794,0.402522446,95.69642658,5.648017744,1.681924952,1.267760469,0.763492762,0.65780767,0.9503,0.8752,0.998,0.9908,0.9939,0.9786,0.9114,0.7485
15,2,1,1,1,0.9,600,-3.44,-0.340035118,-0.08051156,-0.063417108,0.249835469,0.096070042,0.358442478,0.3881845,0.310345849,0.315761335,0.372327383,0.292107351,0.409700922,0.989300624,0.620321724,0.593184451,0.530595478,0.444821863,0.532847119,0.9606,0.9316,0.9497,0.7795,0.9204,0.716,0.9799,0.9524
16,2,1,1,2,0.6,600,-3.44,-7.83289058,-7.939529395,-3.83786233,-4.206721576,-0.476633914,-0.962976054,11.17132122,9.986397952,4.330961194,4.542571081,1.057339956,1.244040074,376.0614769,398.1977957,5.151601302,5.133719651,2.193526745,1.975108026,0.9878,0.9805,0.8658,0.9107,0.7471,0.8269,0.5875,0.1906
17,2,1,1,2,0.7,600,-3.44,-3.897388296,-3.382180221,-2.630966047,-2.233128579,-0.973506518,-1.067415853,3.999682618,3.425863633,2.674185793,2.245036142,1.017482702,1.078803249,58.21069663,164.3256329,3.356630913,3.023909071,1.265933522,1.266083574,0.9638,0.9014,0.9887,0.9963,0.9695,0.9905,0.7642,0.4211
18,2,1,1,2,0.8,600,-3.44,-1.521306342,-1.148585856,-0.999007632,-0.610173903,-0.524763168,-0.293567652,1.525247604,1.148689392,0.999934211,0.636519711,0.544795978,0.419519633,123.634414,16.25248705,1.670331451,1.217932121,0.838087823,0.708867247,0.9384,0.843,0.9986,0.9847,0.9946,0.9732,0.9012,0.7211
19,2,1,1,2,0.9,600,-3.44,-0.293818876,-0.028098508,-0.013063773,0.306389372,0.110878217,0.387829544,0.361697748,0.307541809,0.318228557,0.40218258,0.302439141,0.43158226,0.905358825,1.034497218,0.58954302,0.560469041,0.462845758,0.559695357,0.9578,0.9253,0.9111,0.7097,0.8824,0.6548,0.9789,0.9485
20,2,1,1,3,0.6,600,-3.44,-7.888121059,-8.073908957,-3.593169123,-3.947517027,-0.26842729,-0.694909281,11.26907307,10.15528971,4.085631318,4.277843352,0.927754528,1.031736351,840.6851185,413.9976165,4.846037108,4.803157059,2.115834885,1.849041576,0.988,0.9796,0.8618,0.9051,0.7176,0.8013,0.5914,0.2002
21,2,1,1,3,0.7,600,-3.44,-3.875897192,-3.389451515,-2.563597383,-2.213265895,-0.805734347,-0.898368372,4.000074789,3.439828379,2.593486574,2.225759752,0.858218553,0.913088952,218.7169757,42.97264411,3.239530299,2.938488909,1.110456874,1.087241365,0.9697,0.9191,0.9895,0.9965,0.9648,0.9896,0.772,0.4377
22,2,1,1,3,0.8,600,-3.44,-1.546515065,-1.184780883,-1.026180532,-0.630305198,-0.476272545,-0.262814374,1.548517019,1.184832477,1.027372775,0.65547162,0.511285304,0.401671513,112.2473343,25.60402551,1.667009924,1.257698984,0.775059079,0.663428742,0.9454,0.8679,0.9982,0.9902,0.9941,0.9771,0.8986,0.7375
23,2,1,1,3,0.9,600,-3.44,-0.329295703,-0.065014031,-0.048664959,0.274440348,0.099001553,0.373430869,0.378889443,0.306139669,0.312652977,0.387540921,0.296135626,0.41817997,0.916494214,0.615368086,0.591312701,0.536247013,0.445742841,0.538381307,0.9631,0.9318,0.9465,0.7623,0.9179,0.7003,0.9791,0.9516
0,2,2,1,1,0.6,300,-3.44,-5.2296853043943,-5.4342523354273,-1.44889586326451,-1.68407229684051,1.11450288829652,0.82655875740393,10.2585179214649,9.25943698352312,2.25257165342186,2.29014599835183,1.11730877814586,0.835687157203219,3724.16966256092,1947.72963374091,3.79458239662232,3.59972183618538,2.44135993429973,2.20504262336049,0.9871,0.9877,0.7734,0.8127,0.5002,0.5772,0.7513,0.4879
1,2,2,1,1,0.7,300,-3.44,-3.3011462095822,-2.95791516469193,-1.45376014485849,-1.36296537513516,0.375062624715373,0.282654920406846,3.79383650822998,3.18425500686133,1.62302530679544,1.46698785134987,0.467757955770316,0.406997490914166,311.259790978379,173.433111808537,2.42480423434467,2.18050759504467,1.26051363795452,0.994258125901249,0.9838,0.9786,0.9479,0.9682,0.8251,0.8859,0.861,0.7008
2,2,2,1,1,0.8,300,-3.44,-1.34716903786153,-0.995424719359296,-0.629638296827911,-0.284999522114486,0.220153436214151,0.313957352182471,1.38034462616416,1.00992597669471,0.731082090525109,0.581797295016232,0.389449943251274,0.43268064543999,28.5500817910857,14.4123615984939,1.42143088613983,1.14508380313528,0.658949979784085,0.625064549934153,0.9778,0.964,0.986,0.9694,0.938,0.9043,0.9414,0.8937
3,2,2,1,1,0.9,300,-3.44,-0.186226424991746,0.08854590839251,0.167963541504801,0.470989659846337,0.406076498959164,0.638604318259641,0.43549356624895,0.4179610780243,0.432483326066213,0.55921721478931,0.472179169798165,0.652116948840264,2.96893280239867,0.944111676104117,0.734731222743232,0.730223143267136,0.625579423936224,0.769541691898952,0.9727,0.9671,0.9098,0.7475,0.8385,0.6401,0.9851,0.9747
4,2,2,1,2,0.6,300,-3.44,-5.39116022545489,-5.68190198338885,-1.70986254622659,-2.04418653415668,0.889254696482867,0.534918233180443,10.3925436946965,9.25832436431402,2.50161098521593,2.6498897709352,0.928222439146403,0.685101832089141,298.407336498279,377.277703456541,3.95705828085007,3.82990894418874,2.39019752481692,2.12390780844137,0.9866,0.9871,0.7854,0.8336,0.5513,0.6416,0.7366,0.4613
5,2,2,1,2,0.7,300,-3.44,-3.19937989988126,-2.81185388941626,-1.6021014570985,-1.47132469371909,0.143656665575823,0.0074871921014501,3.5644770877973,2.98564260011079,1.72810400592731,1.53715572882192,0.44308673986804,0.411453234266889,134.910633571176,169.2888572114,2.52233740269231,2.28472107231521,1.13859676729471,0.889392488725136,0.9832,0.9782,0.9616,0.9791,0.8701,0.928,0.8613,0.6987
6,2,2,1,2,0.8,300,-3.44,-1.24607715705175,-0.891230067674646,-0.57869878597068,-0.244426297974885,0.108635346092273,0.223117418417837,1.27279257568793,0.91356270982319,0.682788251389431,0.550082235331749,0.387582077531397,0.426633942856115,161.985401043145,7.20026253216317,1.45474203408514,1.15820681543687,0.652170634289299,0.619734000145122,0.9783,0.9652,0.9866,0.9581,0.9509,0.913,0.9421,0.8847
7,2,2,1,2,0.9,300,-3.44,-0.149421901678441,0.114475467726742,0.196107934348439,0.489075549845809,0.394596634364563,0.622281373641817,0.43067484064544,0.424235467042842,0.44241954350047,0.571632167889421,0.465265600915869,0.643880049970709,3.7181955322886,1.64649448502585,0.73937601932073,0.75948339244919,0.636024362356087,0.773867829126358,0.973,0.9618,0.8751,0.6919,0.8117,0.6103,0.984,0.9703
8,2,2,1,3,0.6,300,-3.44,-5.40221169446235,-5.66060343427583,-1.51950717735794,-1.7721594544103,1.0942813174839,0.807232267783312,10.2329688239291,9.47299088730177,2.29376129484641,2.36113784949206,1.09855653836343,0.821873321072402,1073.52084216054,1222.94930774491,3.77703405238666,3.58314866429015,2.41676091870585,2.16591040243249,0.9845,0.9872,0.7772,0.8208,0.5064,0.5788,0.7543,0.4882
9,2,2,1,3,0.7,300,-3.44,-3.2657896041242,-2.95467171820442,-1.51769691125928,-1.39251147717173,0.334947943256373,0.22660957050698,3.69334505764531,3.14835260223025,1.66820120677232,1.47597345461343,0.457499211537332,0.384980198839456,1919.04165995294,187.583278349624,2.42444931871801,2.19238552595397,1.21057976732251,0.942493492982518,0.9842,0.9774,0.9517,0.975,0.83,0.8972,0.8587,0.7038
10,2,2,1,3,0.8,300,-3.44,-1.30685401741038,-0.932853797831644,-0.594630368932721,-0.261605601046257,0.20706042329013,0.304919159447584,1.33942086359982,0.958352949487582,0.718578364427124,0.567311697994954,0.398537073068486,0.433100367339893,36.9289949972264,39.844735372458,1.4327014876425,1.14341465833219,0.666948214294271,0.616665196111901,0.9777,0.9661,0.9851,0.9706,0.9361,0.9062,0.9452,0.8902
11,2,2,1,3,0.9,300,-3.44,-0.175359004081812,0.0817435704567484,0.17716886079056,0.468770402950621,0.409755461221846,0.631107504007409,0.43903472628148,0.414847928156857,0.441441806022905,0.554013707517389,0.4700343616506,0.647794820356788,5.33770769598315,4.09328215673081,0.734338969514845,0.73510744322276,0.627265190097416,0.762238027512284,0.9737,0.9683,0.904,0.7497,0.8361,0.647,0.9867,0.9745
12,2,2,1,1,0.6,600,-3.44,-7.89713344779891,-7.99056942937831,-3.58594151045131,-3.88674456953909,-0.252784817115398,-0.637625990276717,11.2876263131561,10.1426287544964,4.07508031862412,4.21252203605365,0.910503247269534,1.00452064173076,4222.54705020216,614378.188747996,4.87931196118799,4.79988762584792,2.11602589188921,1.85718494996452,0.9878,0.9782,0.8573,0.9044,0.7232,0.7997,0.5895,0.2168
13,2,2,1,1,0.7,600,-3.44,-3.93301444811127,-3.39392128015077,-2.56031190589873,-2.20014896111019,-0.77820853731456,-0.858801195092042,4.05403137930609,3.43687190678958,2.60642140356497,2.21310573452236,0.833625610280453,0.876782939469035,73.0730894219867,33.661805788545,3.25288694869206,2.90866626660378,1.12452756575222,1.07736015595902,0.9656,0.9113,0.9886,0.9959,0.9648,0.9868,0.7649,0.4549
14,2,2,1,1,0.8,600,-3.44,-1.5419563506056,-1.17800289496198,-1.00830030100305,-0.615307903794013,-0.445018367533053,-0.233808975961687,1.54471337734485,1.17921286745382,1.01121429567536,0.656796627705381,0.49898420845966,0.407706813144556,4.93586484092936,3.82791424164446,1.66011780222007,1.24632267535185,0.784045992157275,0.671860544064952,0.9438,0.8651,0.9979,0.9907,0.993,0.9773,0.9027,0.7509
15,2,2,1,1,0.9,600,-3.44,-0.330499411331819,-0.0594036200777812,-0.0399801127458081,0.282855450066597,0.111005091801896,0.385039300072751,0.398130570909953,0.319633266526154,0.332407353938246,0.391122137392855,0.315410888793615,0.430340818424603,0.969586137514993,0.609807464259673,0.587847814323588,0.551862009542633,0.470364196466863,0.563274439699043,0.9554,0.9197,0.9492,0.7856,0.92,0.7212,0.9745,0.9503
16,2,2,1,2,0.6,600,-3.44,-8.04370340986173,-8.14103030809143,-3.83810979420695,-4.28707468272723,-0.464528912273187,-0.974232166910572,11.48450869916,10.1622098274852,4.3455724793775,4.57735145924502,1.0961627132737,1.28384351153932,5144.30468521923,802.114531961186,5.13037237309634,5.12397380125081,2.16556814709688,1.94934062643792,0.9908,0.9782,0.8665,0.9166,0.7411,0.8272,0.5956,0.2071
17,2,2,1,2,0.7,600,-3.44,-3.75270269831275,-3.28694323191235,-2.55953973311585,-2.17960613724442,-0.962917541059332,-1.05624708177512,3.86569611017348,3.3120223303733,2.59165748762206,2.18468119011041,1.00750680159164,1.06666468664668,313.284581529044,46.3120018083854,3.3292428244958,2.9778821663734,1.27567907733633,1.26387260538256,0.9624,0.896,0.9893,0.9977,0.9716,0.9931,0.7721,0.4462
18,2,2,1,2,0.8,600,-3.44,-1.48164929733107,-1.09055058842107,-0.960248548517955,-0.557303308346175,-0.493232731736774,-0.258244842583048,1.48368361218655,1.09123923569494,0.96120798823668,0.600439931427009,0.533679241427525,0.418031799827018,38.8578775773396,2.60316357035623,1.6371446273386,1.20687854155374,0.840487368882317,0.711750396937939,0.9354,0.8422,0.9979,0.9853,0.9937,0.9739,0.9009,0.7337
19,2,2,1,2,0.9,600,-3.44,-0.273872006744418,-0.0110512744474547,0.0084252818123444,0.332076840547489,0.131774313499135,0.412431998146209,0.373194028641205,0.321219953601077,0.330953031738562,0.427357135783495,0.319529162859022,0.45615016679499,1.14186117595711,0.61422630877786,0.597522995993303,0.588703583128988,0.48908044675587,0.594293815791611,0.9535,0.9199,0.9161,0.7161,0.8894,0.6652,0.9769,0.9511
20,2,2,1,3,0.6,600,-3.44,-7.90619338917679,-7.93779444184931,-3.61667537855963,-3.94504036594856,-0.265023449621594,-0.689138541165323,11.4563838111938,10.2189460092735,4.13393627838234,4.29012991177681,0.944535772748449,1.0485118279635,1039.01790741086,21456.658819862,4.93035825335778,4.86072672969076,2.1436031052384,1.88385570718396,0.9889,0.9789,0.8574,0.9036,0.7254,0.8022,0.5998,0.211
21,2,2,1,3,0.7,600,-3.44,-3.86220244326744,-3.39349691864695,-2.58354517409671,-2.19148936965607,-0.803676355233979,-0.89144253414141,4.00264982470381,3.44490975051351,2.63142104048065,2.20528354914525,0.860766596364057,0.911756859477022,740.000379469367,28.5224435998988,3.27782881422551,2.94518951125087,1.14618382142016,1.11200548503287,0.9669,0.9092,0.9876,0.9962,0.9667,0.9864,0.7649,0.4539
22,2,2,1,3,0.8,600,-3.44,-1.53890727399051,-1.16332163175381,-1.00943272928217,-0.592514705837851,-0.465480582668735,-0.23461111071839,1.54010374643863,1.16463593738946,1.01259099515178,0.636274295412822,0.51442660291384,0.410749005787209,18.4088487206125,3.08561111928793,1.65204282183724,1.21768122104633,0.791528335510737,0.672501776761474,0.9427,0.8629,0.9977,0.9895,0.9935,0.9778,0.9061,0.7513
23,2,2,1,3,0.9,600,-3.44,-0.301507796359071,-0.0318439071628229,-0.0140358379161745,0.311618221792827,0.133028837713312,0.407503611496648,0.387292076744804,0.321152720457708,0.334355851228602,0.416026605781524,0.322369495722987,0.453619184550944,0.978262783751561,0.629411728671955,0.608088253366403,0.568477601934628,0.481794789299447,0.575332602389576,0.9543,0.9266,0.9442,0.7684,0.9142,0.707,0.9788,0.9501
